{
  "holidays": [
    {"date": "2025-01-01", "name": "New Year's Day"},
    {"date": "2025-01-26", "name": "Special Working Day"},
    {"date": "2025-01-28", "name": "Spring Festival Eve"},
    {"date": "2025-01-29", "name": "Chinese New Year"},
    {"date": "2025-01-30", "name": "Spring Festival Golden Week holiday"},
    {"date": "2025-01-31", "name": "Spring Festival Golden Week holiday"},
    {"date": "2025-02-01", "name": "Spring Festival Golden Week holiday"},
    {"date": "2025-02-02", "name": "Spring Festival Golden Week holiday"},
    {"date": "2025-02-03", "name": "Spring Festival Golden Week holiday"},
    {"date": "2025-02-04", "name": "Spring Festival Golden Week holiday"},
    {"date": "2025-02-08", "name": "Special Working Day"},
    {"date": "2025-02-12", "name": "Lantern Festival"},
    {"date": "2025-03-01", "name": "Zhonghe Festival"},
    {"date": "2025-03-08", "name": "International Women's Day"},
    {"date": "2025-03-12", "name": "Arbor Day"},
    {"date": "2025-04-04", "name": "Qing Ming Jie holiday"},
    {"date": "2025-04-05", "name": "Qing Ming Jie"},
    {"date": "2025-04-06", "name": "Qing Ming Jie holiday"},
    {"date": "2025-04-27", "name": "Special Working Day"},
    {"date": "2025-05-01", "name": "Labour Day"},
    {"date": "2025-05-02", "name": "Labour Day Holiday"},
    {"date": "2025-05-03", "name": "Labour Day Holiday"},
    {"date": "2025-05-04", "name": "Labour Day Holiday"},
    {"date": "2025-05-04", "name": "Youth Day"},
    {"date": "2025-05-05", "name": "Labour Day Holiday"},
    {"date": "2025-05-31", "name": "Dragon Boat Festival"},
    {"date": "2025-06-01", "name": "Children's Day"},
    {"date": "2025-06-01", "name": "Dragon Boat Festival holiday"},
    {"date": "2025-06-02", "name": "Dragon Boat Festival holiday"},
    {"date": "2025-07-01", "name": "CPC Founding Day"},
    {"date": "2025-07-11", "name": "Maritime Day"},
    {"date": "2025-08-01", "name": "Army Day"},
    {"date": "2025-08-29", "name": "Chinese Valentine's Day"},
    {"date": "2025-09-06", "name": "Spirit Festival"},
    {"date": "2025-09-10", "name": "Teachers' Day"},
    {"date": "2025-09-28", "name": "Special Working Day"},
    {"date": "2025-10-01", "name": "National Day"},
    {"date": "2025-10-02", "name": "National Day Golden Week Holiday"},
    {"date": "2025-10-03", "name": "National Day Golden Week holiday"},
    {"date": "2025-10-04", "name": "National Day Golden Week holiday"},
    {"date": "2025-10-05", "name": "National Day Golden Week holiday"},
    {"date": "2025-10-06", "name": "National Day Golden Week holiday"},
    {"date": "2025-10-06", "name": "Mid-Autumn Festival"},
    {"date": "2025-10-07", "name": "National Day Golden Week holiday"},
    {"date": "2025-10-08", "name": "National Day Golden Week holiday"},
    {"date": "2025-10-11", "name": "Special Working Day"},
    {"date": "2025-10-29", "name": "Double Ninth Festival"},
    {"date": "2025-11-08", "name": "Journalists' Day"},
    {"date": "2025-12-25", "name": "Christmas Day"}
    {"date": "2026-01-01", "name": "New Year’s Holiday"},
    {"date": "2026-01-02", "name": "New Year’s Holiday"},
    {"date": "2026-01-03", "name": "New Year’s Holiday"},
    {"date": "2026-02-15", "name": "Spring Festival Holiday"},
    {"date": "2026-02-16", "name": "Spring Festival Holiday"},
    {"date": "2026-02-17", "name": "Spring Festival Holiday"},
    {"date": "2026-02-18", "name": "Spring Festival Holiday"},
    {"date": "2026-02-19", "name": "Spring Festival Holiday"},
    {"date": "2026-02-20", "name": "Spring Festival Holiday"},
    {"date": "2026-02-21", "name": "Spring Festival Holiday"},
    {"date": "2026-02-22", "name": "Spring Festival Holiday"},
    {"date": "2026-02-23", "name": "Spring Festival Holiday"},
    {"date": "2026-04-04", "name": "Tomb Sweeping Festival"},
    {"date": "2026-04-05", "name": "Tomb Sweeping Festival"},
    {"date": "2026-04-06", "name": "Tomb Sweeping Festival"},
    {"date": "2026-05-01", "name": "Labor Day Holiday"},
    {"date": "2026-05-02", "name": "Labor Day Holiday"},
    {"date": "2026-05-03", "name": "Labor Day Holiday"},
    {"date": "2026-05-04", "name": "Labor Day Holiday"},
    {"date": "2026-05-05", "name": "Labor Day Holiday"},
    {"date": "2026-06-19", "name": "Dragon Boat Festival"},
    {"date": "2026-06-20", "name": "Dragon Boat Festival"},
    {"date": "2026-06-21", "name": "Dragon Boat Festival"},
    {"date": "2026-09-25", "name": "Mid-Autumn Festival"},
    {"date": "2026-09-26", "name": "Mid-Autumn Festival"},
    {"date": "2026-09-27", "name": "Mid-Autumn Festival"},
    {"date": "2026-10-01", "name": "National Day Holiday"},
    {"date": "2026-10-02", "name": "National Day Holiday"},
    {"date": "2026-10-03", "name": "National Day Holiday"},
    {"date": "2026-10-04", "name": "National Day Holiday"},
    {"date": "2026-10-05", "name": "National Day Holiday"},
    {"date": "2026-10-06", "name": "National Day Holiday"},
    {"date": "2026-10-07", "name": "National Day Holiday"}
  ]
}
